"Tên Khách Hàng","Email","Số Điện Thoại","Địa Chỉ"
"Ayden Hilpert","bulah34@example.org","9138040063","Ut necessitatibus corrupti nisi ullam quia enim eos ut. Sit in facere doloribus non dolorem. Molestiae dolores illo eius sit accusamus."
"Chasity Ankunding","anna88@example.net","6899329048","Id eos soluta excepturi aliquid aliquam omnis eum. Blanditiis et hic consequatur quisquam. Perferendis nostrum quae aut dicta. Quis nisi eveniet quibusdam aut vel est repellendus voluptas."
"Willow Schaden","aledner@example.net","2041395703","Voluptatem dolorum non possimus aut distinctio. Deserunt eligendi illo odit reiciendis. Distinctio odio assumenda dolores amet."
"Damian Ortiz","geoffrey.murphy@example.net","3000847659","Quia dolorem placeat nostrum eligendi sint. Molestiae accusamus earum quia iusto odit facere. Sit itaque et iste."
"Harold Legros","twisozk@example.net","5630661295","Odio beatae deleniti voluptatem animi eveniet doloremque. Ea vel provident molestiae corporis."
"Tod Dach","jframi@example.org","5378856032","Non vitae similique ut enim. Ut est ducimus earum voluptate dolorem repellat voluptas. Animi quis non iste accusamus hic est."
"Fernando Hartmann","bartoletti.melyna@example.net","2305151381","Sit dolores consectetur maxime est et est reprehenderit. Magni error corporis sint iste consequatur illo vero. Aspernatur dolor rerum ratione at. Ut debitis sint quis impedit rerum dolorem esse ut."
"Jadyn Hyatt II","walker.larson@example.com","2962018958","Qui pariatur numquam tenetur porro. Repellendus nobis nulla fuga sit delectus vel consequatur. Illo distinctio et non voluptas corrupti sint a excepturi."
"Dr. Camryn Torphy","klockman@example.com","7407796806","Atque nemo voluptas perspiciatis ut repellendus debitis et. Vel illum porro ut aperiam molestiae dolor. Quia quis odio voluptatem est sequi a. Similique et officiis pariatur voluptatem labore aut et."
"Effie McDermott","lyric26@example.com","9765053029","Eum labore qui maxime tempora voluptatem. Vel ab et voluptatem. Ex libero a atque sed natus."
"Prof. Lemuel Blanda V","durgan.tommie@example.org","8596344771","Magnam aut debitis voluptatem in odio in. Ullam sint consequatur aut vero laboriosam aspernatur quo. Aut quibusdam est laboriosam inventore est qui."
"Randi Hoppe","raphaelle17@example.net","6485757094","Vitae omnis iure dolores sed. Nihil est autem aut quidem quas ipsa. Aperiam et aut harum saepe error. Autem nihil esse eum."
"Richmond Schmitt","kattie74@example.org","4694390600","Aperiam est nobis ea similique saepe. Ullam dignissimos non veritatis dicta. Ut eum sunt dolor omnis. Dignissimos eius qui earum unde."
"Mrs. Lindsay DuBuque","ihowe@example.com","0629285589","Libero aliquid repellendus dolorem atque. Inventore voluptatem alias est corporis ducimus a quo. Accusamus minus et doloremque ad. Quo itaque aut et animi."
"Dorian Jerde","qturcotte@example.org","9155705067","Omnis rerum debitis pariatur dolorem ea enim vel. Repudiandae ipsa molestiae dignissimos odio sit. Modi nihil a cumque esse cumque."
"Dr. Lowell Hilpert","streich.vivianne@example.com","8573348984","Consectetur fugiat necessitatibus at dolor ratione illo ut. Autem quia distinctio dolore officiis omnis consequuntur saepe sapiente. Earum sed sit ipsum pariatur rem sit dicta."
"Dr. Jordy Wolf V","bgorczany@example.org","8357714061","Assumenda aut ut voluptatibus. Saepe deserunt aut rem officia. Cum placeat quidem iure iure."
"Madaline Schuster","jayda.schowalter@example.org","2989970006","Earum tenetur fuga sunt quibusdam reprehenderit voluptas. Suscipit ipsam necessitatibus voluptas et nostrum impedit. Iusto soluta quo ab sunt."
"Miss Madaline Keebler PhD","janie00@example.org","5643642732","Sit vel ex earum qui est. Ut voluptas voluptate voluptas. Sapiente sunt quasi atque veritatis. Ut veniam quas rerum non perferendis. Non et laborum ut."
"Savanah Rutherford DDS","mante.percival@example.net","7099046085","Facere magnam velit deserunt. Sit optio explicabo facilis et ad labore. Est molestias fugiat quisquam inventore id illum beatae."
"Brian Ondricka","elody52@example.org","6892533251","Illum ad et aut. Et sit nesciunt vitae est. Occaecati laboriosam quia cupiditate. Fugit enim mollitia occaecati ducimus soluta."
"Donnell Wisoky","ignacio63@example.net","8146720485","Laboriosam cum quae veniam praesentium. Et dolor iure corporis quisquam error aut modi. Et et aut dolorem veritatis quo optio et fuga."
"Dr. Ansel Mohr IV","bartell.kasandra@example.net","9948618306","Iure quis architecto voluptatem. Quia quia et veniam atque voluptatibus et dolores. Nihil consequatur et voluptas est id eos rerum. Cupiditate omnis quisquam facilis non illo."
"Kitty Kunde","arely.morissette@example.net","7677676405","Odio natus reprehenderit ipsa voluptas ut culpa. Aut sit eos iusto ex. Ad illo mollitia est ut facere omnis recusandae. Voluptatem nesciunt quia tenetur incidunt."
"Dallin Bogisich","breichel@example.com","3810762845","Harum sed hic provident et dolorem asperiores vitae. Ullam qui alias provident veritatis sed sed. Cumque nisi et omnis nihil."
"Bud Pfannerstill","donnelly.shana@example.com","2884374583","Eos aut quaerat iure. Delectus et soluta voluptatem possimus pariatur amet eos deleniti. Sit atque voluptas enim harum. Repudiandae incidunt enim repellendus molestias explicabo ut veniam."
"Arvid Ankunding","batz.concepcion@example.com","8388829491","Voluptatem quaerat ex vel. Labore in voluptas soluta accusamus. Ut est tempora sint sed quibusdam. Omnis qui non eius dolores molestiae ipsam."
"Mrs. Clarissa Schaden IV","gkeebler@example.net","6258600758","Repellendus et blanditiis ut consequatur expedita minima corporis. Est id et excepturi tempore. Ducimus aliquid in reiciendis autem natus unde. Optio exercitationem libero est quos et."
"Daron Dietrich","earnest.bergnaum@example.com","2099444253","Quis nobis illum consequatur suscipit quo. Error et ut distinctio deleniti inventore aut."
"Nelda Collier","wellington03@example.org","2216828455","Ad dolores voluptates vitae animi quis accusantium. Voluptas sequi accusamus ducimus ipsum ratione distinctio sit. Quia consequatur dolor voluptate rerum et est."
